{
  "version": "1.0.0",
  "type": "graph",
  "id": "GRAPH_8c6a8b90-12a7-11e6-9735-a5ff621979a6",
  "name": "Family Security Workflow",
  "description": "",
  "timestamp": 1462442150601,
  "specs": [],
  "styles": {
    "nodes": {
      "NODE_d7d90020-12a7-11e6-93eb-3f5ad9f1b52f": {
        "x": 22,
        "y": 512
      },
      "NODE_e04b79e0-12a7-11e6-93eb-3f5ad9f1b52f": {
        "x": 22,
        "y": 152
      },
      "NODE_1387a040-12a8-11e6-93eb-3f5ad9f1b52f": {
        "x": 292,
        "y": 22
      },
      "NODE_1805ae50-12a8-11e6-93eb-3f5ad9f1b52f": {
        "x": 292,
        "y": 162
      },
      "NODE_1c9f0c90-12a8-11e6-93eb-3f5ad9f1b52f": {
        "x": 292,
        "y": 442
      },
      "NODE_1fc41a50-12a8-11e6-93eb-3f5ad9f1b52f": {
<<<<<<< HEAD
        "x": 264,
        "y": 852
      },
      "NODE_eb9ce090-152c-11e6-8901-5342d62e445f": {
<<<<<<< HEAD
        "x": 255,
        "y": 423
      },
      "NODE_02379d90-1848-11e6-b446-b571310cf419": {
        "x": 5.8909433380073395,
        "y": 24.635497448920873
      },
      "NODE_0db20020-1848-11e6-b446-b571310cf419": {
        "x": 12.673218481266801,
        "y": 984.355750108904
      },
      "NODE_7c73a5e0-186b-11e6-a6a8-eb1de0b00795": {
        "x": 247.43885005687287,
        "y": -429.64779566743647
      },
      "NODE_c4d9bc70-186b-11e6-a6a8-eb1de0b00795": {
        "x": 251.83477534614792,
        "y": -298.5620060420845
      },
      "NODE_d48df820-186b-11e6-a6a8-eb1de0b00795": {
        "x": 251.8347753461478,
        "y": -162.9870231072082
      },
      "NODE_43221320-186c-11e6-a6a8-eb1de0b00795": {
        "x": 258.57164579068484,
        "y": 997.1604540470341
      },
      "NODE_55cbc110-186c-11e6-a6a8-eb1de0b00795": {
        "x": 261.38168305867936,
        "y": 1139.067336080759
      },
      "NODE_5c1c9350-186c-11e6-a6a8-eb1de0b00795": {
        "x": 261.38168305867936,
        "y": 1278.1641808464897,
        "in_ports": {
          "series1": {
            "color": 9
          }
        }
=======
        "x": 264,
        "y": 712
=======
        "x": 292,
        "y": 722
>>>>>>> 650ea800a18e80a5e86126c2b7e5b1dd5acc0dc1
      },
      "NODE_9b3912f0-18cd-11e6-9777-43e50d8dac88": {
        "x": 22,
        "y": 332
      },
      "NODE_9fd72c20-18cd-11e6-9777-43e50d8dac88": {
        "x": 22,
        "y": 692
      },
<<<<<<< HEAD
      "NODE_3df959a0-18ce-11e6-9777-43e50d8dac88": {
        "x": 12,
        "y": 572
>>>>>>> 9985f5516c7ac37d9df6904699efc795ad1ae45a
=======
      "NODE_747a4e40-19e0-11e6-902f-559b11ab8e14": {
        "x": 292,
        "y": 582
      },
      "NODE_4653c8c0-19e5-11e6-8284-e7126eb9440b": {
        "x": 299,
        "y": 305.0085220336914
>>>>>>> 650ea800a18e80a5e86126c2b7e5b1dd5acc0dc1
      }
    },
    "edges": {}
  },
  "bindings": {
    "NODE_d7d90020-12a7-11e6-93eb-3f5ad9f1b52f": {
      "type": "fixed",
      "thing": "micro_nurse_hub_thermometer",
      "hub": "micro_nurse_hub",
      "service": "report@micro_nurse_hub_thermometer"
    },
    "NODE_e04b79e0-12a7-11e6-93eb-3f5ad9f1b52f": {
      "type": "fixed",
      "thing": "micro_nurse_hub_humidometer",
      "hub": "micro_nurse_hub",
      "service": "report@micro_nurse_hub_humidometer"
    },
    "NODE_1387a040-12a8-11e6-93eb-3f5ad9f1b52f": {
      "type": "fixed",
      "thing": "HOPE_UI_THING__micro_nurse_iot_sol_center__built_in_hub__HOPE_APP_61657db0_0fb4_11e6_b548_336dbc6c3857",
      "hub": "micro_nurse_iot_sol_center__built_in_hub__",
      "service": "UI_SERVICE__WIDGET_5b96b3f0-1139-11e6-a23b-6d72315afdf6",
      "widget": "WIDGET_5b96b3f0-1139-11e6-a23b-6d72315afdf6"
    },
    "NODE_1805ae50-12a8-11e6-93eb-3f5ad9f1b52f": {
      "type": "fixed",
      "thing": "HOPE_UI_THING__micro_nurse_iot_sol_center__built_in_hub__HOPE_APP_61657db0_0fb4_11e6_b548_336dbc6c3857",
      "hub": "micro_nurse_iot_sol_center__built_in_hub__",
      "service": "UI_SERVICE__WIDGET_becb2e30-0fb6-11e6-992d-9b1526a45bb1",
      "widget": "WIDGET_becb2e30-0fb6-11e6-992d-9b1526a45bb1"
    },
    "NODE_1c9f0c90-12a8-11e6-93eb-3f5ad9f1b52f": {
      "type": "fixed",
      "thing": "HOPE_UI_THING__micro_nurse_iot_sol_center__built_in_hub__HOPE_APP_61657db0_0fb4_11e6_b548_336dbc6c3857",
      "hub": "micro_nurse_iot_sol_center__built_in_hub__",
      "service": "UI_SERVICE__WIDGET_c3243280-113f-11e6-b318-950740551333",
      "widget": "WIDGET_c3243280-113f-11e6-b318-950740551333"
    },
    "NODE_1fc41a50-12a8-11e6-93eb-3f5ad9f1b52f": {
      "type": "fixed",
      "thing": "HOPE_UI_THING__micro_nurse_iot_sol_center__built_in_hub__HOPE_APP_61657db0_0fb4_11e6_b548_336dbc6c3857",
      "hub": "micro_nurse_iot_sol_center__built_in_hub__",
      "service": "UI_SERVICE__WIDGET_e53311c0-113f-11e6-b318-950740551333",
      "widget": "WIDGET_e53311c0-113f-11e6-b318-950740551333"
    },
<<<<<<< HEAD
    "NODE_eb9ce090-152c-11e6-8901-5342d62e445f": {
      "type": "fixed",
      "thing": "micro_nurse_hub_webserver",
      "hub": "micro_nurse_hub",
      "service": "send_sensor_data@micro_nurse_hub_webserver"
    },
<<<<<<< HEAD
    "NODE_02379d90-1848-11e6-b446-b571310cf419": {
      "type": "fixed",
      "thing": "HOPE_THING_d516b140_16d8_11e6_8101_49597fbd4db9",
      "hub": "micro_nurse_hub",
      "service": "HOPE_SERVICE_27570ef0_16d9_11e6_8101_49597fbd4db9"
    },
    "NODE_0db20020-1848-11e6-b446-b571310cf419": {
      "type": "fixed",
      "thing": "HOPE_THING_6609d5e0_16ae_11e6_8101_49597fbd4db9",
      "hub": "micro_nurse_hub",
      "service": "HOPE_SERVICE_5c48c270_16b6_11e6_8101_49597fbd4db9"
    },
    "NODE_7c73a5e0-186b-11e6-a6a8-eb1de0b00795": {
      "type": "fixed",
      "thing": "HOPE_UI_THING__micro_nurse_iot_sol_center__built_in_hub__HOPE_APP_61657db0_0fb4_11e6_b548_336dbc6c3857",
      "hub": "micro_nurse_iot_sol_center__built_in_hub__",
      "service": "UI_SERVICE__WIDGET_c34ee440-184b-11e6-b446-b571310cf419",
      "widget": "WIDGET_c34ee440-184b-11e6-b446-b571310cf419"
    },
    "NODE_c4d9bc70-186b-11e6-a6a8-eb1de0b00795": {
      "type": "fixed",
      "thing": "HOPE_UI_THING__micro_nurse_iot_sol_center__built_in_hub__HOPE_APP_61657db0_0fb4_11e6_b548_336dbc6c3857",
      "hub": "micro_nurse_iot_sol_center__built_in_hub__",
      "service": "UI_SERVICE__WIDGET_961bffd0-184b-11e6-b446-b571310cf419",
      "widget": "WIDGET_961bffd0-184b-11e6-b446-b571310cf419"
    },
    "NODE_d48df820-186b-11e6-a6a8-eb1de0b00795": {
      "type": "fixed",
      "thing": "HOPE_UI_THING__micro_nurse_iot_sol_center__built_in_hub__HOPE_APP_61657db0_0fb4_11e6_b548_336dbc6c3857",
      "hub": "micro_nurse_iot_sol_center__built_in_hub__",
      "service": "UI_SERVICE__WIDGET_4f74d750-184b-11e6-b446-b571310cf419",
      "widget": "WIDGET_4f74d750-184b-11e6-b446-b571310cf419"
    },
    "NODE_43221320-186c-11e6-a6a8-eb1de0b00795": {
      "type": "fixed",
      "thing": "HOPE_UI_THING__micro_nurse_iot_sol_center__built_in_hub__HOPE_APP_61657db0_0fb4_11e6_b548_336dbc6c3857",
      "hub": "micro_nurse_iot_sol_center__built_in_hub__",
      "service": "UI_SERVICE__WIDGET_fca831a0-186a-11e6-a6a8-eb1de0b00795",
      "widget": "WIDGET_fca831a0-186a-11e6-a6a8-eb1de0b00795"
    },
    "NODE_55cbc110-186c-11e6-a6a8-eb1de0b00795": {
      "type": "fixed",
      "thing": "HOPE_UI_THING__micro_nurse_iot_sol_center__built_in_hub__HOPE_APP_61657db0_0fb4_11e6_b548_336dbc6c3857",
      "hub": "micro_nurse_iot_sol_center__built_in_hub__",
      "service": "UI_SERVICE__WIDGET_21285f00-186b-11e6-a6a8-eb1de0b00795",
      "widget": "WIDGET_21285f00-186b-11e6-a6a8-eb1de0b00795"
    },
    "NODE_5c1c9350-186c-11e6-a6a8-eb1de0b00795": {
      "type": "fixed",
      "thing": "HOPE_UI_THING__micro_nurse_iot_sol_center__built_in_hub__HOPE_APP_61657db0_0fb4_11e6_b548_336dbc6c3857",
      "hub": "micro_nurse_iot_sol_center__built_in_hub__",
      "service": "UI_SERVICE__WIDGET_55a3b190-186a-11e6-94b3-8f89df5f489d",